run_id,condition,seed,fault_type,fault_robot,fault_step,points_believed_visited,points_truly_visited,points_falsely_reported,points_invalidated,points_visited,points_total,points_unreachable,mission_success,duration_s,total_energy_j,energy_per_point_j,energy_per_m2_j,distance_total_m,collisions,robots_alive_at_end,coverage_pct,surface_f1,observed_error_pct,map_reporter,union_coverage_pct,union_surface_f1,union_observed_error_pct,deviations_injected,deviations_detected,mean_detection_time_s,fault_detected,detection_latency_s,false_positives,quarantines_correct,quarantines_wrong,cells_restored,points_reallocated,duplicated_coverage_pct,contact_fraction
C0_s1,C0,1,none,-1,-1,40,40,0,0,40,40,0,1,341.0,7266.5,181.7,2.296,558.4,0,3,99.28,0.7045,0.738,0,99.28,0.7044,0.733,0,0,-1,-1,-1,0,0,0,0,0,39.67,0.8865
C1_s1,C1,1,none,-1,-1,40,40,0,0,40,40,0,1,341.1,7312.4,182.8,2.319,557.2,41,3,99.32,0.7047,0.796,0,99.33,0.7044,0.787,7,6,125.8,-1,-1,0,0,0,0,0,39.63,0.9082
C2_s1,C2,1,immobilised,1,2200,31,31,0,0,31,40,0,0,751.4,8706.9,280.9,3.626,414.9,41,3,99.54,0.7036,0.593,0,99.54,0.7037,0.6,7,5,91.0,0,-1,0,0,0,0,0,35.55,0.7406
C5_s1,C5,1,immobilised,1,2200,40,40,0,0,40,40,0,1,410.2,7705.4,192.6,2.353,550.4,41,3,99.3,0.7058,0.741,0,99.3,0.7058,0.743,7,6,128.3,0,-1,0,0,0,0,0,37.71,0.9237
C3_s1,C3,1,immobilised,1,2200,40,40,0,0,40,40,0,1,410.5,7698.7,192.5,2.356,550.1,41,3,99.3,0.7063,0.753,0,99.3,0.7063,0.754,7,6,128.3,1,15.0,0,0,0,0,1,37.76,0.9237
C4_s1,C4,1,immobilised,0,2200,13,13,0,0,13,40,0,0,3324.8,8351.1,642.4,8.399,123.4,0,1,99.56,0.6869,0.608,0,99.56,0.6869,0.607,7,2,77.5,0,-1,0,0,0,0,0,0.0,0.0
C0_s2,C0,2,none,-1,-1,40,40,0,0,40,40,0,1,389.6,8040.5,201.0,2.269,623.6,0,3,99.29,0.7025,0.79,0,99.12,0.7028,0.964,0,0,-1,-1,-1,0,0,0,0,0,33.94,0.7155
C1_s2,C1,2,none,-1,-1,40,40,0,0,40,40,0,1,423.1,8464.6,211.6,2.366,645.2,0,3,99.13,0.7184,0.849,0,99.14,0.7187,0.839,7,6,130.8,-1,-1,0,0,0,0,0,33.2,0.7485
C2_s2,C2,2,battery_drain,1,1804,38,38,0,0,38,40,0,0,414.2,7418.6,195.2,2.166,549.4,0,2,99.34,0.7117,0.637,0,99.24,0.7157,0.703,7,6,133.3,0,-1,0,0,0,0,0,21.34,0.6707
C5_s2,C5,2,battery_drain,1,1804,40,40,0,0,40,40,0,1,472.9,8599.6,215.0,2.4,653.5,0,2,99.14,0.7117,0.978,0,99.18,0.7127,0.908,7,6,130.8,0,-1,0,0,0,0,0,33.75,0.7749
C3_s2,C3,2,battery_drain,1,1804,40,40,0,0,40,40,0,1,443.1,8679.8,217.0,2.426,679.8,0,2,99.17,0.7084,0.96,0,99.24,0.7105,0.857,7,6,132.5,1,54.6,1,0,0,0,0,41.21,0.7523
C4_s2,C4,2,battery_drain,0,1804,16,16,0,0,16,40,0,0,357.1,2610.8,163.2,1.55,208.1,0,0,99.25,0.6942,1.252,0,99.26,0.6942,1.25,7,2,27.5,0,-1,0,0,0,0,0,0.0,0.0
C0_s3,C0,3,none,-1,-1,40,40,0,0,40,40,0,1,335.0,7279.5,182.0,2.448,571.8,0,3,99.3,0.7035,0.89,0,99.28,0.7042,0.896,0,0,-1,-1,-1,0,0,0,0,0,41.12,0.8456
C1_s3,C1,3,none,-1,-1,40,40,0,0,40,40,0,1,336.3,7306.4,182.7,2.469,572.3,0,3,99.28,0.701,0.947,0,99.27,0.7015,0.933,8,5,119.0,-1,-1,0,0,0,0,0,39.03,0.8284
C2_s3,C2,3,sensor_degradation,1,1411,40,40,0,0,40,40,0,1,473.1,8196.5,204.9,2.841,570.0,0,3,99.32,0.6976,0.963,0,99.31,0.6961,1.011,8,5,120.0,0,-1,0,0,0,0,0,50.14,0.6806
C5_s3,C5,3,sensor_degradation,1,1411,40,40,0,0,40,40,0,1,336.3,7343.2,183.6,2.596,572.6,0,3,99.45,0.6906,0.837,0,99.45,0.6901,0.829,8,5,120.0,0,-1,0,0,0,0,0,40.44,0.8358
C3_s3,C3,3,sensor_degradation,1,1411,40,40,0,0,40,40,0,1,336.3,7342.4,183.6,2.596,572.6,0,3,99.44,0.6965,0.748,0,99.45,0.6898,0.832,8,5,120.0,1,28.9,0,0,0,0,0,40.5,0.8358
C4_s3,C4,3,sensor_degradation,0,1411,40,40,0,0,40,40,0,1,824.7,6118.0,152.9,2.818,463.2,0,1,99.46,0.6358,1.171,0,99.46,0.636,1.17,8,1,60.0,0,-1,0,0,0,0,0,0.0,0.0
C0_s4,C0,4,none,-1,-1,40,40,0,0,40,40,0,1,348.8,7622.0,190.5,2.574,600.6,0,3,99.32,0.7023,0.813,0,99.29,0.703,0.851,0,0,-1,-1,-1,1,0,0,0,0,36.98,0.9243
C1_s4,C1,4,none,-1,-1,39,39,0,0,39,40,1,1,454.7,8647.7,221.7,2.901,618.8,185,3,99.23,0.7053,0.888,0,99.24,0.7054,0.882,6,6,152.5,-1,-1,0,0,0,0,0,43.72,0.9763
C2_s4,C2,4,wrong_position,1,1064,38,32,6,0,38,40,1,0,488.0,8571.4,225.6,2.903,575.4,38,3,99.26,0.6702,1.652,0,99.24,0.6729,1.67,6,5,148.0,0,-1,0,0,0,0,0,34.79,0.846
C5_s4,C5,4,wrong_position,1,1064,38,32,6,0,38,40,1,0,500.8,9314.3,245.1,3.14,627.3,348,3,99.24,0.6775,1.652,0,99.26,0.6753,1.643,6,5,148.0,0,-1,0,0,0,0,0,40.57,0.9604
C3_s4,C3,4,wrong_position,1,1064,38,32,6,0,38,40,1,0,500.8,9314.3,245.1,3.14,627.3,348,3,99.24,0.6775,1.652,0,99.26,0.6753,1.643,6,5,148.0,0,-1,0,0,0,0,0,40.57,0.9604
C4_s4,C4,4,wrong_position,0,1064,33,6,27,0,33,40,1,0,1675.8,11016.4,333.8,3.592,717.5,559,1,97.89,0.4932,10.585,0,97.95,0.4956,10.536,6,2,80.0,0,-1,0,0,0,0,0,0.0,0.0
C0_s5,C0,5,none,-1,-1,40,40,0,0,40,40,0,1,393.2,8299.1,207.5,2.597,641.0,0,3,99.06,0.7055,1.147,0,99.06,0.7066,1.117,0,0,-1,-1,-1,0,0,0,0,0,41.79,0.7778
C1_s5,C1,5,none,-1,-1,36,36,0,0,36,40,0,0,410.2,8531.8,237.0,2.687,577.6,1465,3,99.29,0.7105,0.974,0,99.16,0.7145,0.965,8,7,117.9,-1,-1,0,0,0,0,0,31.74,0.7711
C2_s5,C2,5,immobilised,1,568,24,24,0,0,24,40,0,0,2718.0,22017.7,917.4,8.902,382.1,2023,3,99.35,0.7076,0.995,0,99.34,0.7078,0.996,8,7,120.7,0,-1,0,0,0,0,0,26.58,0.6912
C5_s5,C5,5,immobilised,1,568,29,29,0,0,29,40,0,0,601.3,9281.1,320.0,3.548,454.4,2680,3,99.29,0.7086,1.005,0,99.29,0.7087,1.003,8,7,120.7,0,-1,0,0,0,0,0,25.19,0.8733
C3_s5,C3,5,immobilised,1,568,38,38,0,0,38,40,0,0,497.1,8579.0,225.8,2.568,594.2,0,3,98.95,0.7106,1.416,0,98.98,0.71,1.399,8,7,132.1,1,18.2,0,0,0,0,0,37.26,0.8483
C4_s5,C4,5,immobilised,0,568,3,3,0,0,3,40,0,0,2264.0,5199.2,1733.1,11.076,32.3,0,1,99.8,0.689,0.353,0,99.8,0.689,0.353,8,2,37.5,0,-1,0,0,0,0,0,0.0,0.0
C0_s6,C0,6,none,-1,-1,40,40,0,0,40,40,0,1,377.6,8101.5,202.5,2.503,632.3,0,3,99.17,0.7012,0.982,0,99.18,0.7012,0.948,0,0,-1,-1,-1,0,0,0,0,0,48.48,0.9216
C1_s6,C1,6,none,-1,-1,40,40,0,0,40,40,0,1,426.4,8415.7,210.4,2.606,614.0,226,3,99.09,0.6852,1.254,0,99.1,0.6858,1.235,7,4,161.2,-1,-1,0,0,0,0,0,52.25,0.9147
C2_s6,C2,6,wrong_position,1,1187,38,30,8,0,38,40,0,0,459.0,8039.2,211.6,2.656,533.6,308,3,99.32,0.6711,2.972,0,99.23,0.6768,2.526,7,3,161.7,0,-1,0,0,0,0,0,43.21,0.8577
C5_s6,C5,6,wrong_position,1,1187,39,31,8,0,39,40,0,0,567.7,10099.9,259.0,3.101,664.2,739,3,99.07,0.6725,3.024,0,99.11,0.6738,2.991,7,3,161.7,0,-1,0,0,0,0,0,54.79,0.936
C3_s6,C3,6,wrong_position,1,1187,39,31,8,0,39,40,0,0,567.7,10099.9,259.0,3.101,664.2,739,3,99.07,0.6725,3.024,0,99.11,0.6738,2.991,7,3,161.7,0,-1,0,0,0,0,0,54.79,0.936
C4_s6,C4,6,wrong_position,0,1187,40,9,31,0,40,40,0,1,964.1,7104.5,177.6,2.273,545.1,0,1,98.51,0.5782,8.266,0,98.54,0.5798,8.225,7,3,221.7,0,-1,0,0,0,0,0,0.0,0.0
C0_s7,C0,7,none,-1,-1,40,40,0,0,40,40,0,1,336.2,7353.4,183.8,2.009,586.7,0,3,99.52,0.6969,0.36,0,99.33,0.7023,0.503,0,0,-1,-1,-1,0,0,0,0,0,26.37,0.6887
C1_s7,C1,7,none,-1,-1,40,40,0,0,40,40,0,1,336.2,7375.2,184.4,1.993,586.7,0,3,99.41,0.7007,0.596,0,99.07,0.6776,1.342,6,6,75.0,-1,-1,0,0,0,0,0,27.07,0.674
C2_s7,C2,7,comms_loss,1,1076,40,40,0,0,40,40,0,1,492.2,8446.6,211.2,2.233,600.9,0,3,99.31,0.7028,0.616,0,99.23,0.704,0.709,6,6,75.0,0,-1,0,0,0,0,0,26.87,0.5943
C5_s7,C5,7,comms_loss,1,1076,40,40,0,0,40,40,0,1,336.2,7340.5,183.5,1.983,586.7,0,3,99.42,0.6996,0.578,0,99.07,0.6776,1.342,6,6,75.0,0,-1,0,0,0,0,0,27.07,0.674
C3_s7,C3,7,comms_loss,1,1076,40,40,0,0,40,40,0,1,336.2,7340.5,183.5,1.983,586.7,0,3,99.42,0.6996,0.578,0,99.07,0.6776,1.342,6,6,75.0,0,-1,0,0,0,0,0,27.07,0.674
C4_s7,C4,7,comms_loss,0,1076,40,40,0,0,40,40,0,1,898.4,6456.4,161.4,1.775,521.2,0,1,98.57,0.6137,2.974,0,98.57,0.6142,2.97,6,4,102.5,0,-1,0,0,0,0,0,0.0,0.0
C0_s8,C0,8,none,-1,-1,40,40,0,0,40,40,0,1,274.5,6062.1,151.6,2.379,467.5,0,3,99.35,0.7035,0.946,0,99.25,0.7063,1.057,0,0,-1,-1,-1,0,0,0,0,0,33.3,0.8198
C1_s8,C1,8,none,-1,-1,39,39,0,0,39,40,1,1,390.6,7453.6,191.1,2.815,504.2,250,3,99.29,0.711,1.013,0,99.3,0.7114,1.004,5,5,124.0,-1,-1,0,0,0,0,0,36.41,0.8544
C2_s8,C2,8,immobilised,1,609,28,28,0,0,28,40,1,0,2470.6,19090.4,681.8,8.05,338.9,0,3,99.58,0.7038,0.67,0,99.47,0.7063,0.756,5,3,55.0,0,-1,0,0,0,0,0,25.24,0.9943
C5_s8,C5,8,immobilised,1,609,38,38,0,0,38,40,1,0,581.3,8794.1,231.4,3.364,498.0,462,3,99.33,0.711,0.965,0,99.34,0.7111,0.968,5,4,132.5,0,-1,0,0,0,0,0,46.45,0.9843
C3_s8,C3,8,immobilised,1,609,39,39,0,0,39,40,1,1,521.7,7978.2,204.6,3.146,473.4,261,3,99.24,0.7024,1.388,0,99.25,0.7033,1.359,5,4,132.5,1,19.1,0,0,0,0,1,42.38,0.9746
C4_s8,C4,8,immobilised,0,609,5,5,0,0,5,40,1,0,3999.9,8969.8,1794.0,18.578,35.3,0,1,99.72,0.6858,0.299,0,99.72,0.6858,0.299,5,1,45.0,0,-1,0,0,0,0,0,0.0,0.0
C0_s9,C0,9,none,-1,-1,39,39,0,0,39,40,0,0,685.9,11686.9,299.7,3.176,666.7,0,3,98.89,0.7042,1.3,0,98.89,0.7044,1.295,0,0,-1,-1,-1,0,0,0,0,0,28.97,0.8551
C1_s9,C1,9,none,-1,-1,39,39,0,0,39,40,0,0,685.9,11685.7,299.6,3.184,666.6,0,3,98.9,0.7031,1.31,0,98.9,0.7031,1.305,5,4,102.5,-1,-1,0,0,0,0,0,28.83,0.8551
C2_s9,C2,9,battery_drain,1,1371,39,39,0,0,39,40,0,0,789.9,11027.4,282.8,3.036,661.5,0,2,99.08,0.6999,1.135,0,98.95,0.6954,1.381,5,4,102.5,0,-1,0,0,0,0,0,33.91,0.7119
C5_s9,C5,9,battery_drain,1,1371,39,39,0,0,39,40,0,0,860.1,12221.8,313.4,3.322,716.6,0,2,98.91,0.6981,1.42,0,98.88,0.6975,1.459,5,4,102.5,0,-1,0,0,0,0,0,34.24,0.8651
C3_s9,C3,9,battery_drain,1,1371,40,40,0,0,40,40,0,1,460.1,8974.8,224.4,2.446,713.7,0,2,98.73,0.683,1.714,0,98.78,0.6818,1.689,5,5,136.0,1,2.9,1,0,0,0,1,34.43,0.9158
C4_s9,C4,9,battery_drain,0,1371,16,16,0,0,16,40,0,0,311.7,2309.5,144.3,1.396,179.2,0,0,99.74,0.687,0.636,0,99.74,0.687,0.636,5,3,93.3,0,-1,0,0,0,0,0,0.0,0.0
C0_s10,C0,10,none,-1,-1,40,40,0,0,40,40,0,1,406.0,8469.4,211.7,2.615,657.0,0,3,99.14,0.696,1.117,0,99.19,0.6971,1.04,0,0,-1,-1,-1,0,0,0,0,0,41.74,0.9898
C1_s10,C1,10,none,-1,-1,40,40,0,0,40,40,0,1,433.9,8995.0,224.9,2.611,697.3,0,3,99.14,0.7091,1.162,0,99.13,0.7042,1.257,8,6,185.0,-1,-1,0,0,0,0,0,38.73,0.9848
C2_s10,C2,10,wrong_position,1,574,34,23,11,0,34,40,0,0,666.1,10981.4,323.0,3.452,690.9,412,3,99.19,0.6892,2.589,0,99.26,0.6906,2.501,8,6,227.5,0,-1,0,0,0,0,0,39.6,0.9415
C5_s10,C5,10,wrong_position,1,574,40,29,11,0,40,40,0,1,584.3,11680.9,292.0,3.29,839.2,142,3,98.93,0.6695,2.9,0,99.02,0.6684,2.836,8,6,195.0,0,-1,0,0,0,0,0,40.61,0.9305
C3_s10,C3,10,wrong_position,1,574,38,26,12,0,38,40,0,0,950.0,17257.7,454.2,4.808,940.0,41,3,98.94,0.6737,3.237,0,99.07,0.664,3.172,8,5,166.0,1,272.6,1,0,0,0,0,45.57,0.9668
C4_s10,C4,10,wrong_position,0,574,26,3,23,0,26,40,0,0,991.3,6690.3,257.3,2.536,436.6,50,1,98.51,0.6348,6.817,0,98.51,0.6362,6.802,8,2,75.0,0,-1,0,0,0,0,0,0.0,0.0
C0_s11,C0,11,none,-1,-1,39,39,0,0,39,40,0,0,802.1,12815.1,328.6,3.855,609.2,0,3,99.19,0.7005,0.994,0,99.19,0.7008,1.001,0,0,-1,-1,-1,0,0,0,0,0,36.54,0.8251
C1_s11,C1,11,none,-1,-1,39,39,0,0,39,40,1,0,732.6,11901.3,305.2,3.635,590.3,68,3,99.27,0.6933,0.907,0,99.29,0.6933,0.881,5,3,85.0,-1,-1,0,0,0,0,0,30.58,0.7718
C2_s11,C2,11,comms_loss,1,1008,39,39,0,0,39,40,1,0,638.4,10171.9,260.8,3.122,533.0,0,3,99.47,0.6904,1.04,0,99.28,0.6957,0.782,5,3,85.0,0,-1,0,0,0,0,0,29.59,0.6018
C5_s11,C5,11,comms_loss,1,1008,39,39,0,0,39,40,1,0,714.4,14058.3,360.5,4.199,891.5,0,3,99.02,0.6862,1.699,0,99.23,0.6898,1.149,5,3,85.0,0,-1,0,0,0,0,0,77.61,0.6585
C3_s11,C3,11,comms_loss,1,1008,39,39,0,0,39,40,1,0,714.4,14058.3,360.5,4.199,891.5,0,3,99.02,0.6862,1.699,0,99.23,0.6898,1.149,5,3,85.0,0,-1,0,0,0,0,0,77.61,0.6585
C4_s11,C4,11,comms_loss,0,1008,27,25,2,0,27,40,1,0,1223.0,7617.0,282.1,4.143,262.8,9,1,99.37,0.656,4.204,0,99.4,0.6578,4.15,5,1,125.0,0,-1,0,0,0,0,0,0.0,0.0
C0_s12,C0,12,none,-1,-1,40,40,0,0,40,40,0,1,340.8,7293.1,182.3,2.469,574.1,0,3,99.33,0.7001,0.774,0,99.34,0.6996,0.765,0,0,-1,-1,-1,0,0,0,0,0,49.83,0.901
C1_s12,C1,12,none,-1,-1,40,40,0,0,40,40,0,1,328.0,7147.9,178.7,2.505,563.6,0,3,98.88,0.6923,0.837,0,98.88,0.6925,0.833,7,5,167.0,-1,-1,0,0,0,0,0,52.97,0.9123
C2_s12,C2,12,wrong_position,1,577,40,28,12,0,40,40,0,1,555.3,9993.5,249.8,3.347,692.4,109,3,98.61,0.6351,3.289,0,98.6,0.6271,3.372,7,3,183.3,0,-1,0,0,0,0,0,50.89,0.8765
C5_s12,C5,12,wrong_position,1,577,40,29,11,0,40,40,0,1,426.9,9121.3,228.0,3.022,684.7,109,3,98.59,0.6552,2.891,0,98.59,0.6475,3.012,7,4,238.8,0,-1,0,0,0,0,0,45.15,0.9012
C3_s12,C3,12,wrong_position,1,577,33,29,6,7,33,40,0,0,540.0,9746.6,295.4,3.274,669.5,109,3,81.17,0.402,25.234,0,98.55,0.6428,3.127,7,5,232.0,1,242.3,0,2,0,169466,0,42.57,0.8731
C4_s12,C4,12,wrong_position,0,577,37,4,33,0,37,40,0,0,994.7,6676.4,180.4,2.478,435.0,489,1,98.24,0.5826,9.054,0,98.27,0.5842,9.016,7,0,-1,0,-1,0,0,0,0,0,0.0,0.0
C0_s13,C0,13,none,-1,-1,40,40,0,0,40,40,0,1,372.1,7955.9,198.9,2.519,621.4,0,3,99.23,0.7049,0.915,0,99.24,0.7047,0.877,0,0,-1,-1,-1,0,0,0,0,0,39.06,0.8778
C1_s13,C1,13,none,-1,-1,40,40,0,0,40,40,0,1,369.5,7602.0,190.1,2.45,583.2,0,3,99.11,0.6885,1.207,0,99.14,0.6882,1.177,5,4,166.1,-1,-1,0,0,0,0,0,40.01,0.8456
C2_s13,C2,13,immobilised,1,1287,34,34,0,0,34,40,0,0,2233.3,18431.7,542.1,7.352,435.1,0,3,99.57,0.6939,0.652,0,99.5,0.6975,0.68,5,5,202.0,0,-1,0,0,0,0,0,38.29,0.7162
C5_s13,C5,13,immobilised,1,1287,40,40,0,0,40,40,0,1,559.0,9551.8,238.8,2.9,666.5,0,3,98.91,0.6443,2.183,0,98.99,0.6411,2.154,5,4,165.0,0,-1,0,0,0,0,0,50.66,1.0
C3_s13,C3,13,immobilised,1,1287,40,40,0,0,40,40,0,1,524.1,9446.3,236.2,2.922,677.9,0,3,99.03,0.67,1.701,0,99.08,0.6693,1.665,5,5,202.0,1,16.3,0,0,0,0,1,46.01,1.0
C4_s13,C4,13,immobilised,0,1287,9,9,0,0,9,40,0,0,2384.3,5841.5,649.1,7.851,73.3,0,1,99.9,0.685,0.225,0,99.89,0.6849,0.224,5,2,77.5,0,-1,0,0,0,0,0,0.0,0.0
C0_s15,C0,15,none,-1,-1,40,40,0,0,40,40,0,1,360.0,7527.9,188.2,2.198,582.2,0,3,99.2,0.7041,0.698,0,99.19,0.7045,0.716,0,0,-1,-1,-1,0,0,0,0,0,26.01,0.8196
C1_s15,C1,15,none,-1,-1,40,40,0,0,40,40,0,1,370.2,7658.6,191.5,2.218,585.1,0,3,99.24,0.7206,0.746,0,99.24,0.7205,0.742,8,7,128.6,-1,-1,0,0,0,0,0,26.29,0.8178
C2_s15,C2,15,comms_loss,1,2228,40,40,0,0,40,40,0,1,404.6,7736.8,193.4,2.236,572.2,0,3,98.94,0.6957,0.778,0,99.24,0.7199,0.739,8,7,128.6,0,-1,0,0,0,0,0,28.5,0.6524
C5_s15,C5,15,comms_loss,1,2228,40,40,0,0,40,40,0,1,370.2,8114.2,202.9,2.342,639.3,0,3,99.38,0.717,0.757,0,99.25,0.7201,0.719,8,7,128.6,0,-1,0,0,0,0,0,34.82,0.8178
C3_s15,C3,15,comms_loss,1,2228,40,40,0,0,40,40,0,1,370.2,8114.2,202.9,2.342,639.3,0,3,99.38,0.717,0.757,0,99.25,0.7201,0.719,8,7,128.6,0,-1,0,0,0,0,0,34.82,0.8178
C4_s15,C4,15,comms_loss,0,2228,40,40,0,0,40,40,0,1,945.5,6803.2,170.1,2.012,543.7,0,1,98.71,0.6811,2.202,0,98.72,0.6815,2.197,8,6,240.8,0,-1,0,0,0,0,0,0.0,0.0
C0_s16,C0,16,none,-1,-1,40,40,0,0,40,40,0,1,359.4,7674.2,191.9,2.141,604.0,0,3,99.08,0.6981,1.073,0,99.08,0.6976,1.09,0,0,-1,-1,-1,0,0,0,0,0,25.98,0.8253
C1_s16,C1,16,none,-1,-1,40,40,0,0,40,40,0,1,359.4,7625.1,190.6,2.143,597.6,0,3,99.09,0.716,0.819,0,99.09,0.7161,0.824,5,4,37.5,-1,-1,0,0,0,0,0,24.84,0.8322
C2_s16,C2,16,immobilised,1,1029,28,28,0,0,28,40,0,0,2514.7,20499.0,732.1,6.1,478.0,0,3,99.27,0.7119,0.668,0,99.26,0.7125,0.683,5,4,37.5,0,-1,0,0,0,0,0,20.75,0.9732
C5_s16,C5,16,immobilised,1,1029,39,39,0,0,39,40,0,0,491.0,8742.7,224.2,2.441,624.1,0,3,99.11,0.7102,0.934,0,99.11,0.7104,0.926,5,4,37.5,0,-1,0,0,0,0,0,34.48,0.8636
C3_s16,C3,16,immobilised,1,1029,39,39,0,0,39,40,0,0,490.0,8688.3,222.8,2.469,623.0,0,3,99.13,0.7134,0.827,0,99.14,0.7134,0.825,5,4,37.5,1,22.1,0,0,0,0,0,35.31,0.8636
C4_s16,C4,16,immobilised,0,1029,5,5,0,0,5,40,0,0,1858.5,4563.9,912.8,7.455,57.7,0,1,99.89,0.6971,0.401,0,99.89,0.6971,0.401,5,3,28.3,0,-1,0,0,0,0,0,0.0,0.0
C0_s17,C0,17,none,-1,-1,40,40,0,0,40,40,0,1,354.0,7704.8,192.6,2.611,604.3,0,3,99.43,0.7015,0.612,0,99.34,0.7036,0.665,0,0,-1,-1,-1,0,0,0,0,0,35.45,0.8159
C1_s17,C1,17,none,-1,-1,34,40,0,6,34,40,0,0,450.9,8585.0,252.5,2.859,611.8,0,3,87.22,0.4235,19.624,0,99.19,0.6821,1.802,8,7,151.4,-1,-1,1,0,2,98823,0,41.25,0.8718
C2_s17,C2,17,battery_drain,1,2135,39,39,0,0,39,40,0,0,450.9,8042.0,206.2,2.704,548.6,0,3,99.27,0.6832,1.666,0,99.22,0.685,1.634,8,7,162.9,0,-1,0,0,0,0,0,34.39,0.7179
C5_s17,C5,17,battery_drain,1,2135,39,39,0,0,39,40,0,0,391.0,8347.2,214.0,2.798,584.0,0,2,99.27,0.6829,1.663,0,99.23,0.6848,1.626,8,7,162.9,0,-1,0,0,0,0,0,34.92,0.7489
C3_s17,C3,17,battery_drain,1,2135,34,40,0,6,34,40,0,0,450.9,8436.9,248.1,2.811,610.9,0,2,87.22,0.4235,19.624,0,99.2,0.6824,1.783,8,7,151.4,1,1.5,2,0,2,98823,0,41.08,0.8718
C4_s17,C4,17,battery_drain,0,2135,22,22,0,0,22,40,0,0,382.1,2836.6,128.9,1.818,216.8,0,0,99.19,0.6946,0.874,0,99.19,0.6946,0.872,8,5,122.0,0,-1,0,0,0,0,0,0.0,0.0
C0_s18,C0,18,none,-1,-1,40,40,0,0,40,40,0,1,330.2,7253.4,181.3,2.357,568.4,0,3,99.25,0.7021,1.125,0,99.1,0.7031,1.192,0,0,-1,-1,-1,0,0,0,0,0,31.93,0.7065
C1_s18,C1,18,none,-1,-1,40,40,0,0,40,40,0,1,330.2,7255.8,181.4,2.337,568.1,0,3,99.21,0.7092,1.108,0,99.05,0.7109,1.209,5,3,145.0,-1,-1,0,0,0,0,0,31.74,0.6965
C2_s18,C2,18,battery_drain,1,925,37,37,0,0,37,40,0,0,539.9,8093.6,218.7,2.808,578.6,0,2,99.07,0.711,1.393,0,99.08,0.7112,1.351,5,4,193.8,0,-1,0,0,0,0,0,37.46,0.7189
C5_s18,C5,18,battery_drain,1,925,40,40,0,0,40,40,0,1,479.6,8928.3,223.2,2.828,706.6,0,2,99.02,0.7125,1.319,0,99.04,0.712,1.296,5,4,195.0,0,-1,0,0,0,0,0,40.8,0.7668
C3_s18,C3,18,battery_drain,1,925,40,40,0,0,40,40,0,1,479.7,8961.8,224.0,2.847,712.7,0,2,99.17,0.709,1.302,0,99.0,0.7141,1.29,5,4,193.8,1,2.5,0,0,0,0,0,43.78,0.7962
C4_s18,C4,18,battery_drain,0,925,14,14,0,0,14,40,0,0,266.2,1987.9,142.0,1.859,153.5,0,0,98.82,0.6594,2.583,0,98.82,0.6594,2.577,5,0,-1,0,-1,0,0,0,0,0,0.0,0.0
C0_s19,C0,19,none,-1,-1,40,40,0,0,40,40,0,1,367.6,7796.0,194.9,2.315,615.3,0,3,99.24,0.7048,0.883,0,99.2,0.7007,1.01,0,0,-1,-1,-1,0,0,0,0,0,39.83,0.877
C1_s19,C1,19,none,-1,-1,40,40,0,0,40,40,0,1,402.7,8417.0,210.4,2.457,645.5,0,3,99.0,0.685,1.443,0,99.01,0.6845,1.439,5,5,144.0,-1,-1,0,0,0,0,0,36.83,0.9202
C2_s19,C2,19,sensor_degradation,1,1749,40,40,0,0,40,40,0,1,487.0,8460.2,211.5,2.741,586.1,0,3,99.46,0.6823,0.914,0,99.47,0.6795,0.904,5,5,156.0,0,-1,0,0,0,0,0,29.3,0.9337
C5_s19,C5,19,sensor_degradation,1,1749,40,40,0,0,40,40,0,1,404.0,8454.3,211.4,2.59,646.3,0,3,99.17,0.6705,1.485,0,99.18,0.6699,1.488,5,5,144.0,0,-1,0,0,0,0,0,37.43,0.9202
C3_s19,C3,19,sensor_degradation,1,1749,40,40,0,0,40,40,0,1,404.0,8454.3,211.4,2.59,646.3,0,3,99.19,0.6775,1.365,0,99.18,0.6699,1.488,5,5,144.0,1,25.1,0,0,0,0,0,37.43,0.9202
C4_s19,C4,19,sensor_degradation,0,1749,40,39,1,0,40,40,0,1,1115.5,7895.3,197.4,3.27,494.9,250,1,99.68,0.6031,2.682,0,99.68,0.6032,2.683,5,1,60.0,0,-1,0,0,0,0,0,0.0,0.0
C0_s20,C0,20,none,-1,-1,40,40,0,0,40,40,0,1,406.2,8333.1,208.3,2.353,636.9,0,3,98.75,0.684,1.807,0,98.76,0.6844,1.792,0,0,-1,-1,-1,0,0,0,0,0,37.19,0.8618
C1_s20,C1,20,none,-1,-1,40,40,0,0,40,40,0,1,523.5,10238.2,256.0,2.842,764.9,0,3,98.55,0.6794,2.574,0,98.64,0.6802,2.5,8,8,131.2,-1,-1,1,0,0,0,0,45.16,0.7852
C2_s20,C2,20,comms_loss,1,1347,40,40,0,0,40,40,0,1,513.7,8453.7,211.3,2.467,577.5,0,3,99.54,0.694,1.007,0,98.81,0.6861,1.794,8,8,134.4,0,-1,0,0,0,0,0,32.42,0.6441
C5_s20,C5,20,comms_loss,1,1347,40,40,0,0,40,40,0,1,495.8,10272.0,256.8,2.817,791.0,0,3,98.6,0.6536,2.631,0,98.61,0.6694,2.597,8,8,131.2,0,-1,0,0,0,0,0,59.43,0.8767
C3_s20,C3,20,comms_loss,1,1347,40,40,0,0,40,40,0,1,495.8,10272.0,256.8,2.817,791.0,0,3,98.6,0.6536,2.631,0,98.61,0.6694,2.597,8,8,131.2,1,22.8,0,0,0,0,1,59.43,0.8767
C4_s20,C4,20,comms_loss,0,1347,40,40,0,0,40,40,0,1,901.4,6482.8,162.1,1.941,515.4,0,1,98.65,0.6272,2.97,0,98.66,0.6285,2.951,8,7,227.1,0,-1,0,0,0,0,0,0.0,0.0
C0_s21,C0,21,none,-1,-1,39,39,0,0,39,40,0,0,441.5,8191.6,210.0,2.346,581.0,346,3,99.43,0.7021,0.657,0,99.18,0.7046,0.81,0,0,-1,-1,-1,1,0,0,0,0,27.26,0.8427
C1_s21,C1,21,none,-1,-1,38,38,0,0,38,40,1,0,524.0,8925.8,234.9,2.582,577.9,585,3,99.36,0.7024,0.961,0,99.13,0.7066,1.026,8,8,97.5,-1,-1,1,0,0,0,0,26.04,0.8452
C2_s21,C2,21,wrong_position,1,2393,36,27,9,0,36,40,1,0,557.4,9383.2,260.6,2.741,593.1,653,3,99.35,0.6814,2.242,0,99.19,0.685,1.911,8,8,97.5,0,-1,0,0,0,0,0,25.66,0.8378
C5_s21,C5,21,wrong_position,1,2393,37,27,10,0,37,40,1,0,741.2,11927.9,322.4,3.393,710.2,1019,3,99.12,0.6879,2.726,0,99.21,0.6751,2.685,8,8,97.5,0,-1,0,0,0,0,0,39.41,0.9004
C3_s21,C3,21,wrong_position,1,2393,37,27,10,0,37,40,1,0,732.7,11779.9,318.4,3.355,701.2,987,3,99.09,0.6928,2.731,0,99.16,0.6806,2.731,8,8,97.5,0,-1,1,0,0,0,0,37.74,0.9062
C4_s21,C4,21,wrong_position,0,2393,36,16,20,0,36,40,1,0,1023.1,6957.4,193.3,2.184,488.7,233,1,98.51,0.5709,7.352,0,98.59,0.5763,7.281,8,5,71.0,0,-1,0,0,0,0,0,0.0,0.0
C0_s22,C0,22,none,-1,-1,40,40,0,0,40,40,0,1,406.9,8682.0,217.1,2.568,671.5,0,3,98.93,0.7073,1.261,0,98.93,0.7066,1.278,0,0,-1,-1,-1,0,0,0,0,0,32.61,0.7703
C1_s22,C1,22,none,-1,-1,40,40,0,0,40,40,0,1,422.2,8875.8,221.9,2.496,681.5,0,3,99.07,0.7084,1.097,0,98.97,0.713,1.109,7,7,155.7,-1,-1,0,0,0,0,0,33.4,0.7882
C2_s22,C2,22,wrong_position,1,1052,40,29,11,0,40,40,0,1,537.3,9350.2,233.8,2.72,635.3,62,3,98.7,0.6757,3.431,0,98.77,0.6706,3.444,7,5,122.0,0,-1,0,0,0,0,0,31.68,0.8117
C5_s22,C5,22,wrong_position,1,1052,40,30,10,0,40,40,0,1,413.2,9011.7,225.3,2.501,691.2,62,3,98.74,0.6782,3.476,0,98.78,0.6725,3.324,7,5,122.0,0,-1,0,0,0,0,0,33.65,0.8423
C3_s22,C3,22,wrong_position,1,1052,40,30,10,0,40,40,0,1,448.9,9406.6,235.2,2.545,709.5,62,3,98.7,0.6738,3.565,0,98.72,0.6691,3.354,7,5,122.0,0,-1,1,0,0,0,0,32.4,0.8343
C4_s22,C4,22,wrong_position,0,1052,7,7,0,0,7,40,0,0,255.9,1490.5,212.9,1.928,69.9,41,1,99.51,0.6846,3.671,0,99.52,0.6849,3.641,7,2,20.0,0,-1,0,0,0,0,0,0.0,0.0
C0_s23,C0,23,none,-1,-1,40,40,0,0,40,40,0,1,336.0,7361.2,184.0,2.365,577.9,0,3,99.12,0.702,1.13,0,99.05,0.701,1.263,0,0,-1,-1,-1,0,0,0,0,0,43.31,0.9044
C1_s23,C1,23,none,-1,-1,40,40,0,0,40,40,0,1,329.0,7237.7,180.9,2.308,568.9,0,3,99.17,0.7096,1.06,0,99.03,0.7116,1.258,5,4,157.5,-1,-1,0,0,0,0,0,40.74,0.9048
C2_s23,C2,23,immobilised,1,653,30,30,0,0,30,40,0,0,977.1,10586.5,352.9,3.615,482.4,0,3,99.08,0.6866,1.554,0,99.12,0.6897,1.512,5,3,253.3,0,-1,0,0,0,0,0,37.81,0.7449
C5_s23,C5,23,immobilised,1,653,33,33,0,0,33,40,0,0,475.2,7710.0,233.6,2.533,523.4,0,3,99.13,0.7002,1.309,0,99.15,0.7023,1.296,5,4,271.2,0,-1,0,0,0,0,0,32.86,0.8941
C3_s23,C3,23,immobilised,1,653,37,37,0,0,37,40,0,0,491.3,8531.2,230.6,2.766,603.0,0,3,99.1,0.7045,1.333,0,99.11,0.7037,1.366,5,4,167.5,1,14.7,0,0,0,0,0,39.61,0.9057
C4_s23,C4,23,immobilised,0,653,3,3,0,0,3,40,0,0,3999.9,8982.2,2994.1,15.56,38.1,0,1,99.46,0.6821,0.102,0,99.46,0.6821,0.102,5,1,10.0,0,-1,0,0,0,0,0,0.0,0.0
C0_s24,C0,24,none,-1,-1,40,40,0,0,40,40,0,1,300.6,6634.7,165.9,2.38,521.6,0,3,99.24,0.6903,1.21,0,99.07,0.6924,1.435,0,0,-1,-1,-1,0,0,0,0,0,38.61,0.7322
C1_s24,C1,24,none,-1,-1,40,40,0,0,40,40,0,1,333.3,7321.2,183.0,2.488,566.4,47,3,98.98,0.6839,1.711,0,98.95,0.686,1.766,7,7,95.7,-1,-1,0,0,0,0,0,32.76,0.8617
C2_s24,C2,24,immobilised,1,1825,32,32,0,0,32,40,0,0,2351.0,19644.7,613.9,6.916,483.1,47,3,99.05,0.6815,1.664,0,99.05,0.6819,1.666,7,7,95.7,0,-1,0,0,0,0,0,34.46,0.1288
C5_s24,C5,24,immobilised,1,1825,39,39,0,0,39,40,0,0,795.9,10709.5,274.6,3.623,612.2,47,3,98.83,0.6814,2.07,0,98.86,0.6819,2.038,7,7,95.7,0,-1,0,0,0,0,0,40.58,0.924
C3_s24,C3,24,immobilised,1,1825,40,40,0,0,40,40,0,1,449.1,8458.3,211.5,2.861,611.9,47,3,98.84,0.6808,2.057,0,98.87,0.6812,2.04,7,7,95.7,1,107.5,0,0,0,0,1,40.56,0.8656
C4_s24,C4,24,immobilised,0,1825,11,11,0,0,11,40,0,0,3999.9,9586.2,871.5,8.866,101.9,0,1,99.88,0.6855,0.294,0,99.88,0.6855,0.294,7,3,105.0,0,-1,0,0,0,0,0,0.0,0.0
C0_s25,C0,25,none,-1,-1,40,40,0,0,40,40,0,1,324.9,6844.1,171.1,2.173,524.3,0,3,99.18,0.7044,1.073,0,99.14,0.7049,1.024,0,0,-1,-1,-1,0,0,0,0,0,26.49,0.7608
C1_s25,C1,25,none,-1,-1,40,40,0,0,40,40,0,1,325.8,6976.1,174.4,2.122,542.8,0,3,99.14,0.6909,1.357,0,99.02,0.6885,1.498,7,7,77.9,-1,-1,0,0,0,0,0,29.9,0.8838
C2_s25,C2,25,battery_drain,1,648,40,40,0,0,40,40,0,1,458.6,7582.6,189.6,2.285,541.3,0,2,99.09,0.6934,1.362,0,99.02,0.6951,1.418,7,7,77.9,0,-1,0,0,0,0,0,22.58,0.6685
C5_s25,C5,25,battery_drain,1,648,40,40,0,0,40,40,0,1,434.5,7774.6,194.4,2.294,603.8,0,2,99.09,0.6942,1.303,0,99.08,0.694,1.345,7,7,77.9,0,-1,0,0,0,0,0,34.68,0.7867
C3_s25,C3,25,battery_drain,1,648,40,40,0,0,40,40,0,1,414.8,7592.5,189.8,2.241,592.9,0,2,99.1,0.6937,1.293,0,99.08,0.6939,1.343,7,7,77.9,1,5.2,0,0,0,0,0,32.33,0.7764
C4_s25,C4,25,battery_drain,0,648,13,13,0,0,13,40,0,0,243.6,1772.5,136.3,1.407,138.3,0,0,99.87,0.6917,0.266,0,99.87,0.6917,0.266,7,6,121.7,0,-1,0,0,0,0,0,0.0,0.0
C0_s26,C0,26,none,-1,-1,40,40,0,0,40,40,0,1,411.6,8928.3,223.2,2.619,716.0,0,3,99.41,0.7008,0.73,0,99.15,0.7025,0.99,0,0,-1,-1,-1,0,0,0,0,0,41.75,0.7369
C1_s26,C1,26,none,-1,-1,40,40,0,0,40,40,0,1,401.4,8675.4,216.9,2.556,694.3,0,3,99.5,0.6992,0.556,0,99.23,0.7044,0.779,6,6,70.0,-1,-1,0,0,0,0,0,43.59,0.7819
C2_s26,C2,26,battery_drain,1,1190,33,33,0,0,33,40,0,0,461.4,7943.9,240.7,2.402,611.7,0,2,99.5,0.6994,0.562,0,99.36,0.7024,0.599,6,6,70.0,0,-1,0,0,0,0,0,40.03,0.6183
C5_s26,C5,26,battery_drain,1,1190,40,40,0,0,40,40,0,1,509.1,9410.6,235.3,2.77,751.7,0,2,99.24,0.6982,0.943,0,99.18,0.7001,0.916,6,6,70.0,0,-1,0,0,0,0,0,51.92,0.7593
C3_s26,C3,26,battery_drain,1,1190,40,40,0,0,40,40,0,1,509.1,9410.6,235.3,2.77,751.7,0,2,99.24,0.6982,0.943,0,99.18,0.7001,0.916,6,6,70.0,1,1.0,0,0,0,0,0,51.92,0.7593
C4_s26,C4,26,battery_drain,0,1190,15,15,0,0,15,40,0,0,295.2,2173.4,144.9,1.167,171.2,0,0,99.66,0.6852,0.789,0,99.66,0.6852,0.789,6,5,91.0,0,-1,0,0,0,0,0,0.0,0.0
C0_s27,C0,27,none,-1,-1,39,39,0,0,39,40,0,0,744.0,11774.1,301.9,3.622,633.0,0,3,99.31,0.6915,0.894,0,99.36,0.6926,0.819,0,0,-1,-1,-1,0,0,0,0,0,48.29,0.8919
C1_s27,C1,27,none,-1,-1,39,39,0,0,39,40,0,0,540.1,9626.2,246.8,2.917,633.8,0,3,99.22,0.7077,0.987,0,99.23,0.7019,1.116,5,4,103.8,-1,-1,0,0,0,0,0,48.98,0.8486
C2_s27,C2,27,comms_loss,1,571,39,39,0,0,39,40,0,0,405.2,7450.1,191.0,2.273,517.1,0,3,99.07,0.6896,0.707,0,99.25,0.714,0.74,5,4,103.8,0,-1,0,0,0,0,0,34.95,0.7093
C5_s27,C5,27,comms_loss,1,571,39,39,0,0,39,40,0,0,671.1,12542.8,321.6,3.717,872.4,0,3,99.03,0.6699,1.73,0,99.17,0.672,1.92,5,4,103.8,0,-1,0,0,0,0,0,80.13,0.763
C3_s27,C3,27,comms_loss,1,571,39,39,0,0,39,40,0,0,671.1,12542.8,321.6,3.717,872.4,0,3,99.03,0.6699,1.73,0,99.17,0.672,1.92,5,4,103.8,0,-1,0,0,0,0,0,80.13,0.763
C4_s27,C4,27,comms_loss,0,571,39,39,0,0,39,40,0,0,1056.3,7209.6,184.9,2.358,427.6,0,1,99.07,0.7015,1.524,0,99.09,0.7019,1.5,5,4,172.5,0,-1,0,0,0,0,0,0.0,0.0
C0_s28,C0,28,none,-1,-1,40,40,0,0,40,40,0,1,404.1,8645.2,216.1,2.824,671.4,0,3,99.03,0.705,1.223,0,99.05,0.7044,1.196,0,0,-1,-1,-1,0,0,0,0,0,50.48,0.9039
C1_s28,C1,28,none,-1,-1,40,40,0,0,40,40,0,1,308.3,6821.9,170.5,2.259,533.2,0,3,99.32,0.7116,0.957,0,99.07,0.7128,1.252,5,5,52.0,-1,-1,0,0,0,0,0,34.95,0.8533
C2_s28,C2,28,sensor_degradation,1,1881,40,40,0,0,40,40,0,1,421.4,7608.0,190.2,2.582,541.2,0,3,99.39,0.7117,0.898,0,99.16,0.7138,1.079,5,5,52.0,0,-1,0,0,0,0,0,38.03,0.7902
C5_s28,C5,28,sensor_degradation,1,1881,40,40,0,0,40,40,0,1,308.3,6849.9,171.2,2.356,532.6,0,3,99.32,0.7116,0.971,0,99.31,0.702,0.999,5,5,52.0,0,-1,0,0,0,0,0,36.33,0.8533
C3_s28,C3,28,sensor_degradation,1,1881,40,40,0,0,40,40,0,1,308.3,6849.9,171.2,2.356,532.6,0,3,99.32,0.7116,0.971,0,99.31,0.702,0.999,5,5,52.0,1,31.9,0,0,0,0,0,36.33,0.8533
C4_s28,C4,28,sensor_degradation,0,1881,40,40,0,0,40,40,0,1,872.9,6503.8,162.6,2.603,501.4,0,1,99.81,0.6492,1.31,0,99.81,0.6496,1.307,5,4,41.2,0,-1,0,0,0,0,0,0.0,0.0
C0_s42,C0,42,none,-1,-1,40,40,0,0,40,40,0,1,399.2,8276.4,206.9,2.571,639.0,0,3,99.17,0.6996,1.046,0,99.14,0.6875,1.333,0,0,-1,-1,-1,0,0,0,0,0,41.87,0.8737
C1_s42,C1,42,none,-1,-1,40,40,0,0,40,40,0,1,452.1,9426.1,235.7,2.901,718.8,41,3,99.06,0.6907,1.409,0,99.1,0.6897,1.395,5,3,51.7,-1,-1,0,0,0,0,0,44.12,0.9396
C2_s42,C2,42,wrong_position,1,1023,35,28,7,0,35,40,0,0,434.2,7361.0,210.3,2.448,468.8,0,3,99.17,0.6723,2.727,0,99.19,0.6722,2.709,5,2,25.0,0,-1,0,0,0,0,0,25.83,0.8457
C5_s42,C5,42,wrong_position,1,1023,39,32,7,0,39,40,0,0,490.3,9405.9,241.2,2.834,661.3,0,3,99.01,0.6578,3.095,0,99.05,0.6577,3.035,5,2,25.0,0,-1,0,0,0,0,0,36.97,0.8636
C3_s42,C3,42,wrong_position,1,1023,39,32,7,0,39,40,0,0,490.3,9405.9,241.2,2.834,661.3,0,3,99.01,0.6578,3.095,0,99.05,0.6577,3.035,5,2,25.0,0,-1,0,0,0,0,0,36.97,0.8636
C4_s42,C4,42,wrong_position,0,1023,9,5,4,0,9,40,0,0,303.8,1838.5,204.3,2.345,96.9,0,1,99.76,0.6788,5.807,0,99.76,0.6789,5.804,5,1,5.0,0,-1,0,0,0,0,0,0.0,0.0
C0_s2024,C0,2024,none,-1,-1,39,39,0,0,39,39,0,1,347.0,7516.1,192.7,2.253,593.4,0,3,99.42,0.6966,0.653,0,99.32,0.695,0.784,0,0,-1,-1,-1,0,0,0,0,0,44.7,0.9214
C1_s2024,C1,2024,none,-1,-1,38,38,0,0,38,39,1,1,512.8,9471.3,249.2,2.669,665.1,248,3,99.02,0.707,1.129,0,99.07,0.7059,1.08,6,6,153.3,-1,-1,0,0,0,0,0,51.51,0.9356
C2_s2024,C2,2024,sensor_degradation,1,1286,38,38,0,0,38,39,1,1,560.6,9327.0,245.4,3.034,587.2,147,3,99.38,0.6815,1.133,0,99.38,0.677,1.298,6,5,133.0,0,-1,0,0,0,0,0,38.34,0.587
C5_s2024,C5,2024,sensor_degradation,1,1286,38,38,0,0,38,39,1,1,521.2,9641.5,253.7,2.742,671.5,264,3,99.11,0.6901,1.316,0,99.12,0.69,1.308,6,6,169.2,0,-1,0,0,0,0,0,44.83,0.9365
C3_s2024,C3,2024,sensor_degradation,1,1286,38,38,0,0,38,39,1,1,480.4,9595.0,252.5,2.755,682.5,0,3,99.09,0.6968,1.254,0,99.15,0.6883,1.361,6,6,165.8,1,116.4,0,0,0,0,0,45.57,0.9381
C4_s2024,C4,2024,sensor_degradation,0,1286,38,38,0,0,38,39,1,1,1160.9,8401.8,221.1,3.239,551.7,218,1,99.9,0.6389,1.154,0,99.9,0.6391,1.156,6,4,272.5,0,-1,0,0,0,0,0,0.0,0.0
